prompt,case_number,evaluation_seed,prompt1
A scene featuring two cats at the beach,1,42,A scene at the beach
A scene featuring two cats at the forest,2,42,A scene at the forest
A scene featuring two cats at the mountain,3,42,A scene at the mountain
A scene featuring two cats at the sea,4,42,A scene at the sea
A scene featuring two cats at the lake,5,42,A scene at the lake
A scene featuring two cats at the river,6,42,A scene at the river
A scene featuring two cats at the sky,7,42,A scene at the sky
A scene featuring two cats at the ground,8,42,A scene at the ground
A scene featuring two cats at the grass,9,42,A scene at the grass
A scene featuring two cats at the snow,10,42,A scene at the snow